Student ID,Student Name,Gender
1001,Emma Johnson,Female
1002,Liam Smith,Male
1003,Olivia Williams,Female
1004,Noah Brown,Male
1005,James Jones,Male
1006,Lucas Garcia,Male
1007,Henry Miller,Male
1008,Alexander Davis,Male
1009,William Rodriguez,Male
1010,Benjamin Martinez,Male
1011,Elijah Smith,Male
1012,Oliver Johnson,Male
1013,Liam Williams,Male
1014,Noah Brown,Male
1015,James Jones,Male
1016,Lucas Garcia,Male
1017,Henry Miller,Male
1018,Alexander Davis,Male
1019,William Rodriguez,Male
1020,Benjamin Martinez,Male
1021,Sophia Smith,Female
1022,Elijah Johnson,Male
1023,Oliver Williams,Male
1024,Ava Brown,Female
1025,Liam Jones,Male
1026,Noah Garcia,Male
1027,James Miller,Male
1028,Mia Davis,Female
1029,Lucas Rodriguez,Male
1030,Henry Martinez,Male
1031,Alexander Smith,Male
1032,William Johnson,Male
1033,Benjamin Williams,Male
1034,Amelia Brown,Female
1035,Oliver Jones,Male
1036,Liam Garcia,Male
1037,Noah Miller,Male
1038,James Davis,Male
1039,Lucas Rodriguez,Male
1040,Henry Martinez,Male
1041,Alexander Smith,Male
1042,William Johnson,Male
1043,Benjamin Williams,Male
1044,Elijah Brown,Male
1045,Oliver Jones,Male
1046,Liam Garcia,Male
1047,Ava Miller,Female
1048,Noah Davis,Male
1049,Emma Rodriguez,Female
1050,Sophia Martinez,Female
1051,James Smith,Male
1052,Lucas Johnson,Male
1053,Mia Williams,Female
1054,Henry Brown,Male
1055,Alexander Jones,Male
1056,Olivia Garcia,Female
1057,Amelia Miller,Female
1058,Harper Davis,Female
1059,William Rodriguez,Male
1060,Isabella Martinez,Female
1061,Evelyn Smith,Female
1062,Benjamin Johnson,Male
1063,Sophia Williams,Female
1064,Mia Brown,Female
1065,Elijah Jones,Male
1066,Olivia Garcia,Female
1067,Ava Miller,Female
1068,Emma Davis,Female
1069,Lucas Rodriguez,Male
1070,Henry Martinez,Male
1071,Amelia Smith,Female
1072,Alexander Johnson,Male
1073,William Williams,Male
1074,Benjamin Brown,Male
1075,Elijah Jones,Male
1076,Oliver Garcia,Male
1077,Liam Miller,Male
1078,Noah Davis,Male
1079,James Rodriguez,Male
1080,Harper Martinez,Female
1081,Lucas Smith,Male
1082,Henry Johnson,Male
1083,Alexander Williams,Male
1084,William Brown,Male
1085,Mia Jones,Female
1086,Benjamin Garcia,Male
1087,Olivia Miller,Female
